<?xml version="1.0" encoding="UTF-8"?>
<GenRun Id="impl_1" LaunchPart="xc7z020clg400-1" LaunchTime="1739919278">
  <File Type="ROUTE-PWR" Name="Blinky_power_routed.rpt"/>
  <File Type="PA-TCL" Name="Blinky.tcl"/>
  <File Type="ROUTE-PWR-SUM" Name="Blinky_power_summary_routed.pb"/>
  <File Type="REPORTS-TCL" Name="Blinky_reports.tcl"/>
  <File Type="OPT-RQA-PB" Name="Blinky_rqa_opted.pb"/>
  <File Type="BITSTR-MMI" Name="Blinky.mmi"/>
  <File Type="OPT-METHODOLOGY-DRC" Name="Blinky_methodology_drc_opted.rpt"/>
  <File Type="INIT-TIMING" Name="Blinky_timing_summary_init.rpt"/>
  <File Type="OPT-TIMING" Name="Blinky_timing_summary_opted.rpt"/>
  <File Type="OPT-DCP" Name="Blinky_opt.dcp"/>
  <File Type="OPT-DRC" Name="Blinky_drc_opted.rpt"/>
  <File Type="OPT-HWDEF" Name="Blinky.hwdef"/>
  <File Type="PWROPT-DCP" Name="Blinky_pwropt.dcp"/>
  <File Type="PWROPT-DRC" Name="Blinky_drc_pwropted.rpt"/>
  <File Type="PWROPT-TIMING" Name="Blinky_timing_summary_pwropted.rpt"/>
  <File Type="PLACE-DCP" Name="Blinky_placed.dcp"/>
  <File Type="PLACE-IO" Name="Blinky_io_placed.rpt"/>
  <File Type="PLACE-CLK" Name="Blinky_clock_utilization_placed.rpt"/>
  <File Type="PLACE-UTIL" Name="Blinky_utilization_placed.rpt"/>
  <File Type="PLACE-UTIL-PB" Name="Blinky_utilization_placed.pb"/>
  <File Type="PLACE-CTRL" Name="Blinky_control_sets_placed.rpt"/>
  <File Type="PLACE-SIMILARITY" Name="Blinky_incremental_reuse_placed.rpt"/>
  <File Type="PLACE-PRE-SIMILARITY" Name="Blinky_incremental_reuse_pre_placed.rpt"/>
  <File Type="BG-BIN" Name="Blinky.bin"/>
  <File Type="PLACE-TIMING" Name="Blinky_timing_summary_placed.rpt"/>
  <File Type="ROUTE-PWR-RPX" Name="Blinky_power_routed.rpx"/>
  <File Type="PLACE-RQA-PB" Name="Blinky_rqa_placed.pb"/>
  <File Type="POSTPLACE-PWROPT-DCP" Name="Blinky_postplace_pwropt.dcp"/>
  <File Type="BITSTR-MSK" Name="Blinky.msk"/>
  <File Type="POSTPLACE-PWROPT-TIMING" Name="Blinky_timing_summary_postplace_pwropted.rpt"/>
  <File Type="PHYSOPT-DCP" Name="Blinky_physopt.dcp"/>
  <File Type="PHYSOPT-DRC" Name="Blinky_drc_physopted.rpt"/>
  <File Type="BITSTR-RBT" Name="Blinky.rbt"/>
  <File Type="PHYSOPT-TIMING" Name="Blinky_timing_summary_physopted.rpt"/>
  <File Type="ROUTE-ERROR-DCP" Name="Blinky_routed_error.dcp"/>
  <File Type="ROUTE-DCP" Name="Blinky_routed.dcp"/>
  <File Type="ROUTE-BLACKBOX-DCP" Name="Blinky_routed_bb.dcp"/>
  <File Type="ROUTE-DRC" Name="Blinky_drc_routed.rpt"/>
  <File Type="ROUTE-DRC-PB" Name="Blinky_drc_routed.pb"/>
  <File Type="ROUTE-DRC-RPX" Name="Blinky_drc_routed.rpx"/>
  <File Type="ROUTE-METHODOLOGY-DRC" Name="Blinky_methodology_drc_routed.rpt"/>
  <File Type="ROUTE-METHODOLOGY-DRC-RPX" Name="Blinky_methodology_drc_routed.rpx"/>
  <File Type="ROUTE-METHODOLOGY-DRC-PB" Name="Blinky_methodology_drc_routed.pb"/>
  <File Type="ROUTE-RQS-PB" Name="Blinky_rqs_routed.pb"/>
  <File Type="ROUTE-STATUS" Name="Blinky_route_status.rpt"/>
  <File Type="ROUTE-STATUS-PB" Name="Blinky_route_status.pb"/>
  <File Type="ROUTE-TIMINGSUMMARY" Name="Blinky_timing_summary_routed.rpt"/>
  <File Type="ROUTE-TIMING-PB" Name="Blinky_timing_summary_routed.pb"/>
  <File Type="ROUTE-TIMING-RPX" Name="Blinky_timing_summary_routed.rpx"/>
  <File Type="ROUTE-SIMILARITY" Name="Blinky_incremental_reuse_routed.rpt"/>
  <File Type="ROUTE-CLK" Name="Blinky_clock_utilization_routed.rpt"/>
  <File Type="ROUTE-BUS-SKEW" Name="Blinky_bus_skew_routed.rpt"/>
  <File Type="ROUTE-BUS-SKEW-PB" Name="Blinky_bus_skew_routed.pb"/>
  <File Type="ROUTE-BUS-SKEW-RPX" Name="Blinky_bus_skew_routed.rpx"/>
  <File Type="POSTROUTE-PHYSOPT-DCP" Name="Blinky_postroute_physopt.dcp"/>
  <File Type="POSTROUTE-PHYSOPT-BLACKBOX-DCP" Name="Blinky_postroute_physopt_bb.dcp"/>
  <File Type="POSTROUTE-PHYSOPT-TIMING" Name="Blinky_timing_summary_postroute_physopted.rpt"/>
  <File Type="POSTROUTE-PHYSOPT-TIMING-PB" Name="Blinky_timing_summary_postroute_physopted.pb"/>
  <File Type="POSTROUTE-PHYSOPT-TIMING-RPX" Name="Blinky_timing_summary_postroute_physopted.rpx"/>
  <File Type="POSTROUTE-PHYSOPT-BUS-SKEW" Name="Blinky_bus_skew_postroute_physopted.rpt"/>
  <File Type="BG-BIT" Name="Blinky.bit"/>
  <File Type="POSTROUTE-PHYSOPT-BUS-SKEW-PB" Name="Blinky_bus_skew_postroute_physopted.pb"/>
  <File Type="POSTROUTE-PHYSOPT-BUS-SKEW-RPX" Name="Blinky_bus_skew_postroute_physopted.rpx"/>
  <File Type="BITSTR-NKY" Name="Blinky.nky"/>
  <File Type="BITSTR-BMM" Name="Blinky_bd.bmm"/>
  <File Type="PDI-FILE" Name="Blinky.pdi"/>
  <File Type="BOOT-PDI-FILE" Name="Blinky_soc.pdi"/>
  <File Type="PL-PDI-FILE" Name="Blinky_pld.pdi"/>
  <File Type="RCFI_FILE" Name="Blinky.rcfi"/>
  <File Type="CFI_FILE" Name="Blinky.cfi"/>
  <File Type="RNPI_FILE" Name="Blinky.rnpi"/>
  <File Type="NPI_FILE" Name="Blinky.npi"/>
  <File Type="RBD_FILE" Name="Blinky.rbd"/>
  <File Type="BITSTR-LTX" Name="debug_nets.ltx"/>
  <File Type="BITSTR-LTX" Name="Blinky.ltx"/>
  <File Type="BITSTR-SYSDEF" Name="Blinky.sysdef"/>
  <File Type="BG-BGN" Name="Blinky.bgn"/>
  <File Type="BG-DRC" Name="Blinky.drc"/>
  <File Type="RDI-RDI" Name="Blinky.vdi"/>
  <File Type="WBT-USG" Name="usage_statistics_webtalk.html"/>
  <File Type="ROUTE-RQS" Name="Blinky_routed.rqs"/>
  <File Type="POSTROUTE-PHYSOPT-RQS" Name="Blinky_postroute_physopted.rqs"/>
  <File Type="ROUTE-RQS-RPT" Name="route_report_qor_suggestions_0.rpt"/>
  <File Type="POSTROUTE-PHYSOPT-RQS-RPT" Name="postroute_physopt_report_qor_suggestions_0.rpt"/>
  <FileSet Name="sources" Type="DesignSrcs" RelSrcDir="$PSRCDIR/sources_1" RelGenDir="$PGENDIR/sources_1">
    <Filter Type="Srcs"/>
    <File Path="$PSRCDIR/sources_1/new/Blinky.vhd">
      <FileInfo>
        <Attr Name="UsedIn" Val="synthesis"/>
        <Attr Name="UsedIn" Val="simulation"/>
      </FileInfo>
    </File>
    <Config>
      <Option Name="DesignMode" Val="RTL"/>
      <Option Name="TopModule" Val="Blinky"/>
      <Option Name="TopAutoSet" Val="TRUE"/>
    </Config>
  </FileSet>
  <FileSet Name="constrs_in" Type="Constrs" RelSrcDir="$PSRCDIR/constrs_1" RelGenDir="$PGENDIR/constrs_1">
    <Filter Type="Constrs"/>
    <File Path="$PPRDIR/../../../Downloads/Zybo-Z7-Master.xdc">
      <FileInfo>
        <Attr Name="UsedIn" Val="synthesis"/>
        <Attr Name="UsedIn" Val="implementation"/>
      </FileInfo>
    </File>
    <Config>
      <Option Name="ConstrsType" Val="XDC"/>
    </Config>
  </FileSet>
  <FileSet Name="utils" Type="Utils" RelSrcDir="$PSRCDIR/utils_1" RelGenDir="$PGENDIR/utils_1">
    <Filter Type="Utils"/>
    <File Path="$PSRCDIR/utils_1/imports/synth_1/Blinky.dcp">
      <FileInfo>
        <Attr Name="UsedIn" Val="synthesis"/>
        <Attr Name="UsedIn" Val="implementation"/>
        <Attr Name="UsedInSteps" Val="synth_1"/>
        <Attr Name="AutoDcp" Val="1"/>
      </FileInfo>
    </File>
    <Config>
      <Option Name="TopAutoSet" Val="TRUE"/>
    </Config>
  </FileSet>
  <Strategy Version="1" Minor="2">
    <StratHandle Name="Vivado Implementation Defaults" Flow="Vivado Implementation 2023">
      <Desc>Default settings for Implementation.</Desc>
    </StratHandle>
    <Step Id="init_design"/>
    <Step Id="opt_design"/>
    <Step Id="power_opt_design"/>
    <Step Id="place_design"/>
    <Step Id="post_place_power_opt_design"/>
    <Step Id="phys_opt_design"/>
    <Step Id="route_design"/>
    <Step Id="post_route_phys_opt_design"/>
    <Step Id="write_bitstream"/>
  </Strategy>
</GenRun>
